Algorithm, Puzzle, Cost, Length Of Solution, Length Of Search, Execution, No Solution, Optimality,
gbfsH3,0,127,107,1093,13.65390158,0,,11 3 2 8 9 10 6 1 4 0 7 5
gbfsH3,1,131,116,1196,15.465734,0,,0 7 6 2 10 4 8 9 3 1 11 5
gbfsH3,2,156,125,550,3.98596406,0,,9 8 4 3 2 5 10 6 0 1 11 7
gbfsH3,3,136,109,1028,11.75048828,0,,1 9 0 5 6 10 3 8 11 2 4 7
gbfsH3,4,130,110,1196,15.82723784,0,,2 5 9 6 4 7 8 3 10 11 0 1
Total-gbfsH3, ,680,567,5063,60.68332577,0,,
Average-gbfsH3, ,136,113.4,1012.6,12.13666515,0,,
